name,icon,id,bikou,score,get_score,use_score
丸石,https://lh3.googleusercontent.com/-k-0dGaZoZ54/WW9QxcSDf4I/AAAAAAAAGKo/AH5eimXi21oQ2R0VL58fmu7GcFDhmJjGgCE0YBhgL/s1024/cobblestone.png,minecraft:cobblestone,x,6,3,3
金鉱石,https://lh3.googleusercontent.com/-px7fRM2y1LE/WYM72QkZkxI/AAAAAAAAGUc/DtqoJfr3KeIVu5KYEy7SXpV7iigJzW39wCE0YBhgL/s1024/gold_ore.png,minecraft:gold_ore,x,6,3,3
鉄鉱石,https://lh3.googleusercontent.com/-c7-FYW0Rm5M/WYM72bMqt6I/AAAAAAAAGUc/13NTZ3JcFJQcFtloaIIXJF1CFe9ocyYpgCE0YBhgL/s1024/iron_ore.png,minecraft:iron_ore,x,6,3,3
オークの原木,https://lh3.googleusercontent.com/-Y36r15CxxEg/Wa97gG6G_RI/AAAAAAAAGpI/10q2YdNj13g86NSmAd06dwMJQS-rb_-kACE0YBhgL/s1024/log.png,minecraft:log,x,6,3,3
石炭,https://lh3.googleusercontent.com/-X3x1So9nMzg/WYM72RAE5AI/AAAAAAAAGUc/cZPYK_vUWa4NHQXBMOa8s6vEGThvNKAfACE0YBhgL/s1024/coal.png,minecraft:coal,x,6,3,3
糸,https://lh3.googleusercontent.com/-4XMxOS4c95Y/Wd7OmI8JOyI/AAAAAAAAG9M/BA3hNkdVSRA2iao5qg6c1E3oEhUYg1Q2gCE0YBhgL/s1024/string.png,minecraft:string,x,6,3,3
種,https://lh3.googleusercontent.com/-XV-JxG2mbHY/WcDJRu2nOTI/AAAAAAAAGxM/-UsV6RzhkDYeG_3xg_NRJCoR_kFMmxrDQCE0YBhgL/s1024/wheat_seeds.png,minecraft:wheat_seeds,x,6,3,3
生の豚肉,https://lh3.googleusercontent.com/-jfzzizXQ5vU/WcDJRoLPK3I/AAAAAAAAGxM/g_LXfISBk6gudH-ZqrRuniwPVxasQ678gCE0YBhgL/s1024/porkchop.png,minecraft:porkchop,x,6,3,3
粘土,https://lh3.googleusercontent.com/-LXeCQ_0UJXc/WWBCN5xJxjI/AAAAAAAAF-4/ydC15XDYzK0bkQU0UPEeZHtJAF3kP8Z-gCE0YBhgL/s1024/Clay-ball.png,minecraft:clay_ball,x,6,3,3
サトウキビ,https://lh3.googleusercontent.com/-JdCXBbOLap0/WcDJRgxhkBI/AAAAAAAAGxM/aKkOvPpPPEMUcDywKs1ltQYt8_QpLf84gCE0YBhgL/s1024/reeds.png,minecraft:reeds,x,6,3,3
生魚,https://lh3.googleusercontent.com/-5OllOk0qmRc/WcDJRgKBCtI/AAAAAAAAGxM/jLDKs-uwHC8MSAAVfnjdXr1zFh9ZLs6xQCE0YBhgL/s1024/fish.png,minecraft:fish,生鮭/クマノミ/フグを含む,6,3,3
生の牛肉,https://lh3.googleusercontent.com/-J8ZrqbWUV68/WcDJRgAH1VI/AAAAAAAAGxU/wZojKtpFZjQBc4-u3Q_VT8OsxzaybW3bQCE0YBhgL/s1024/beef.png,minecraft:beef,x,6,3,3
生の鶏肉,https://lh3.googleusercontent.com/-OGrJErDKOwI/WcDJRl0J1gI/AAAAAAAAGxM/g11lcEl8pz8hMT_KceotHROKhCuWWylDQCE0YBhgL/s1024/chicken.png,minecraft:chicken,x,6,3,3
生の羊肉,https://lh3.googleusercontent.com/-fYR9yZ0wchU/WcDJRiMk2uI/AAAAAAAAGxM/MdK4DNn_0zUAYhAgPv46vYj06u0r8zShQCE0YBhgL/s1024/mutton.png,minecraft:mutton,x,6,3,3
アカシアの原木,https://lh3.googleusercontent.com/-iT5C4mny4hU/Wa97gP2U_cI/AAAAAAAAGpI/GDagOL5FnP8fow2WuaKrfBXFbGq361nfQCE0YBhgL/s1024/log2.png,minecraft:log,x,6,3,3
マツの原木,https://lh3.googleusercontent.com/-w3s8NxSsz2U/Wa97gONXQ9I/AAAAAAAAGpI/gldsY-3G8e0OUlz6Z91pdJpdtum7y_aUQCE0YBhgL/s1024/log-1.png,minecraft:log,x,6,3,3
シラカバの原木,https://lh3.googleusercontent.com/-7dF9wkXzi_o/Wa97gHo1OxI/AAAAAAAAGpI/hcy7m51aKWkVP9_EsP7x6Im8QL_SqzWYwCE0YBhgL/s1024/log-2.png,minecraft:log,x,6,3,3
ジャングルの原木,https://lh3.googleusercontent.com/-diTDDebPRDU/Wa97gIfgyYI/AAAAAAAAGpI/vr60FaJgLj8re4yD1f74Coc9rxtvhGVogCE0YBhgL/s1024/log-3.png,minecraft:log,x,6,3,3
ダークオークの原木,https://lh3.googleusercontent.com/-GY0U7aRFbG0/Wa97gEDOjZI/AAAAAAAAGpI/W2hWUfdLhHYw5XhATLfTpEMLLlBYLDhhQCE0YBhgL/s1024/log2-1.png,minecraft:log,x,6,3,3
砂,https://lh3.googleusercontent.com/-yfGsVN9rOYw/WW9QxXefK7I/AAAAAAAAGKo/XLJEgNIH4FANmTrKkBPOLNp9R9EdvTCJQCE0YBhgL/s1024/sand.png,minecraft:sand,赤い砂を含む,5,3,2
オークの木材,https://lh3.googleusercontent.com/-2Wjx0Cx3GD8/Wa97gFob8cI/AAAAAAAAGpQ/gz5NfYpasjgwSUMYP6DWgeLsdG3aiKDbQCE0YBhgL/s1024/double_stone_slab-2.png,minecraft:planks,x,5,2,3
羊毛,https://lh3.googleusercontent.com/-fx-sYetr9sk/WTjgcynB2YI/AAAAAAAAFnw/hMGe_SSEyksGhLXF2Tw61fdxJcBzjB4fgCE0YBhgL/s1024/wool-0.png,minecraft:wool,各色羊毛を含む,5,2,3
松明,https://lh3.googleusercontent.com/-T6SSp3FHpKU/WWNxgvY8WTI/AAAAAAAAGCA/dMm_IvuVavI8Qx6YDKIYUu3JJSB7iX9KwCE0YBhgL/s1024/torch.png,minecraft:torch,x,5,2,3
弓,https://lh3.googleusercontent.com/-jS1JA2b-qRA/WWS7gjjC2XI/AAAAAAAAGF4/CgGlToa91NQGRV2Ot6Pij44xQseY_by4gCE0YBhgL/s1024/bow.png,minecraft:bow,x,5,2,3
矢,https://lh3.googleusercontent.com/-kA7CxZhtJqY/WWS7gqnAOJI/AAAAAAAAGF4/i_kO-8ZPOaoJnDWa7jTMW0zCaIP9ou7LgCE0YBhgL/s1024/arrow.png,minecraft:arrow,x,5,2,3
ダイヤモンド,https://lh3.googleusercontent.com/-1djUSin2__o/WYM72bwy77I/AAAAAAAAGUc/VZ3d5ws-BtkZ4v5X949fAJNeQh2z3esBQCE0YBhgL/s1024/diamond.png,minecraft:diamond,x,5,2,3
鉄インゴット,https://lh3.googleusercontent.com/-aQv14bATiWk/WYM72YpQFsI/AAAAAAAAGUc/ExxbItNibMklHzeKxbf7LlgxHU9jx_99QCE0YBhgL/s1024/iron_ingot.png,minecraft:iron_ingot,x,5,2,3
棒,https://lh3.googleusercontent.com/-Qv9Vu_Oxs24/WZ6fMW9B7NI/AAAAAAAAGg0/bpiGmDK4L1wIHufsnFYBW3uR7goTo5lrACE0YBhgL/s1024/stick.png,minecraft:stick,x,5,2,3
エメラルド,https://lh3.googleusercontent.com/-bIM0Rj20OKE/WYM72XtvvrI/AAAAAAAAGUc/kYEt6l3HUSsnTMmDZU-J7QTawKQClBYvACE0YBhgL/s1024/emerald.png,minecraft:emerald,x,5,2,3
ニンジン,https://lh3.googleusercontent.com/-KTiJHQeSfBI/WcDJRh-4uTI/AAAAAAAAGxM/ctFET-PWfV0pbYRuIMP6WDeswTEHneNUgCE0YBhgL/s1024/carrot.png,minecraft:carrot,x,5,2,3
ジャガイモ,https://lh3.googleusercontent.com/-bDaq3TNy49I/WcDJRqOG_xI/AAAAAAAAGxM/FIPoS1nSMiIB5pryglYPvDLPdAMTJYzQACE0YBhgL/s1024/potato.png,minecraft:potato,x,5,2,3
生の兎肉,https://lh3.googleusercontent.com/-_vzpFOZnPA0/WcDJRsgxFOI/AAAAAAAAGxM/mKjrjaCaHaoBojWvkLaw3Wt7CBBLgQB3QCE0YBhgL/s1024/rabbit.png,minecraft:rabbit,x,5,2,3
ビートルート,https://lh3.googleusercontent.com/-gAC96UB_ziY/WcDJRspIt3I/AAAAAAAAGxU/7Zb_o3kZ7xQonfHywWodxcum4HAG0l4hACE0YBhgL/s1024/beetroot.png,minecraft:beetroot,x,5,2,3
ビートルートの種,https://lh3.googleusercontent.com/-eHtsqpRhBD8/WcDJRmIf4-I/AAAAAAAAGxM/qMgFwLWUoAgMg-g0q_xDVx0mlZuhY01hACE0YBhgL/s1024/beetroot_seeds.png,minecraft:beetroot_seeds,x,5,2,3
リンゴ,https://lh3.googleusercontent.com/-NXdmTGV-Xso/WcDJRjEZsUI/AAAAAAAAGxU/R-5FxRAwKxo5O9dvCHjED06LHZAgUDdkgCE0YBhgL/s1024/apple.png,minecraft:apple,x,5,3,2
革,https://lh3.googleusercontent.com/-Pd3i8lgx5f0/WcDJRhPx1UI/AAAAAAAAGxM/-rJPBB52T_8L-bPlLqDBKilpWogH2M1iwCE0YBhgL/s1024/leather.png,minecraft:leather,x,5,3,2
砂利,https://lh3.googleusercontent.com/-Co5ZvsaATtI/WW9QxWjuWoI/AAAAAAAAGKo/fTyU0jb8oEg6zt6NjOpaabU5y6zJ2CPiwCE0YBhgL/s1024/gravel.png,minecraft:gravel,x,4,3,1
黒曜石,https://lh3.googleusercontent.com/-FR4Uf95e6y8/WZWwlSv-tBI/AAAAAAAAGbY/QJC-J6PLIiEINCe84mR83ruA9FN7BmfnQCE0YBhgL/s1024/obsidian.png,minecraft:obsidian,x,4,2,2
チェスト,https://lh3.googleusercontent.com/-ZbEsJkUaFEM/WWNxgn39mlI/AAAAAAAAGCA/d0aMBTdVa9MOwSjkyr2qUuQC5QdxfLuFgCE0YBhgL/s1024/chest.png,minecraft:chest,x,4,1,3
作業台,https://lh3.googleusercontent.com/-r5E_fN_uG94/WWNxgplvTpI/AAAAAAAAGCA/8dhA9-gTFUQmKzT-m3LU5MpclBjJgyb4gCE0YBhgL/s1024/crafting_table.png,minecraft:crafting_table,x,4,1,3
かまど,https://lh3.googleusercontent.com/-uBwk--hGFBw/WWSh40E9MpI/AAAAAAAAGEM/6m-RRP5ZOWY_MH1Yq7xsJf_sCMvP_oZcQCE0YBhgL/s1024/furnace.png,minecraft:furnace,x,4,1,3
カボチャ,https://lh3.googleusercontent.com/-05bXlJUnI7Y/WcDJRhOzLVI/AAAAAAAAGxM/5PI3BhSCNT4iyt_LG95cdqFmC7udpE_2wCE0YBhgL/s1024/pumpkin.png,minecraft:pumpkin,x,4,2,2
鉄のヘルメット,https://lh3.googleusercontent.com/-HQ6Ezg5HcFA/WWS7TgRhBXI/AAAAAAAAGF4/BQz5mA4YH_od-W4CSB69LnRPiDIVBvzFwCE0YBhgL/s1024/iron_helmet.png,minecraft:iron_helmet,x,4,2,2
鉄のチェストプレート,https://lh3.googleusercontent.com/-pMmlm9b9lxc/WWS7TjW1HmI/AAAAAAAAGF4/o2KFVMlzvtkUxO4_lEMSBYqMNdpGHpcmgCE0YBhgL/s1024/iron_chestplate.png,minecraft:iron_chestplate,x,4,2,2
鉄のレギンス,https://lh3.googleusercontent.com/-tYnJ2sZl4Is/WWS7TnxvVTI/AAAAAAAAGF4/CvdDGkrxxisPYH2ku9kh1ONY9zYbaHS8gCE0YBhgL/s1024/iron_leggings.png,minecraft:iron_leggings,x,4,2,2
鉄のブーツ,https://lh3.googleusercontent.com/-m8NZcWrul_c/WWS7Tq-0_tI/AAAAAAAAGF4/Z7C7bXpkSa02VAMY7gyhgEZas0QYJoOfQCE0YBhgL/s1024/iron_boots.png,minecraft:iron_boots,x,4,2,2
レッドストーン,https://lh3.googleusercontent.com/-ckSwN8nW1us/WYM_ZyaphcI/AAAAAAAAGUs/Nir7v-mYzroxuTRXZ8pKgmBKu_rvcTf4gCE0YBhgL/s1024/redstone.png,minecraft:redstone,x,4,2,2
スイカ,https://lh3.googleusercontent.com/-CNO5y4nDvW8/WcDJRqEoOgI/AAAAAAAAGxM/_2I9J0610VoHcuivHi8QERSqMcZqsMz0QCE0YBhgL/s1024/melon.png,minecraft:melon,アイテム状,4,2,2
エンダーパール,https://lh3.googleusercontent.com/-__UeOIuq9og/WcDIvnhhwHI/AAAAAAAAGxM/F5_anEnAJjMD6vMBgwaf0UjkAdohDLf1gCE0YBhgL/s1024/ender_pearl.png,minecraft:ender_pearl,x,4,2,2
ブレイズロッド,https://lh3.googleusercontent.com/-2sl0nSWexFI/WcDI2LR1h8I/AAAAAAAAGxM/XS3jcBpHm_4RFBeMKiplQSLsOFzHwFchwCE0YBhgL/s1024/blaze_rod.png,minecraft:blaze_rod,x,4,2,2
ウサギの皮,https://lh3.googleusercontent.com/-5kolPhEN2Qg/WcDJRvXwoQI/AAAAAAAAGxM/7uxyTwdLP34uSG5mN8_Tv9JAZ6r3YQZ_wCE0YBhgL/s1024/rabbit_hide.png,minecraft:rabbit_hide,x,4,2,2
タンポポ,https://lh3.googleusercontent.com/-K6zXudng5xs/Wa97q2S1zMI/AAAAAAAAGpI/YDUk_iaJoKIdzJ6VoeD73U2NHZsuiYaPACE0YBhgL/s1024/yellow_flower.png,minecraft:yellow_flower,各種花を含む,4,3,1
茶キノコ,https://lh3.googleusercontent.com/-tBtSo7zIz28/Wa97q2NMCWI/AAAAAAAAGpI/sjRgH5RJVDIahOrt8kCzFkqA5ljDt3kcgCE0YBhgL/s1024/brown_mushroom.png,minecraft:brown_mushroom,x,4,3,1
赤キノコ,https://lh3.googleusercontent.com/-l1JVs9Wac4E/Wa97q5go70I/AAAAAAAAGpI/2pcY7vsUmdArnmUs9abPJOYTnyNfOXzBACE0YBhgL/s1024/red_mushroom.png,minecraft:red_mushroom,x,4,3,1
羽根,https://lh3.googleusercontent.com/-Co-zLja3Gbw/Wd7OmFe8K8I/AAAAAAAAG9M/wy76I30i-PEl_qLdX59iimvhsflmRtFJgCE0YBhgL/s1024/feather.png,minecraft:feather,x,4,3,1
火薬,https://lh3.googleusercontent.com/-YPdF5Mph0Cg/Wd7OmDw8asI/AAAAAAAAG9M/IF4INwJC21EitMnRcLbQfoI7GHE8t6eVQCE0YBhgL/s1024/gunpowder.png,minecraft:gunpowder,x,4,3,1
卵,https://lh3.googleusercontent.com/-dpvgQbI9ZP4/WcDJRt8lJPI/AAAAAAAAGxM/m7rr66aKa2wAIvaGO5OUVY0p3ETfY5ojQCE0YBhgL/s1024/egg.png,minecraft:egg,x,4,3,1
骨,https://lh3.googleusercontent.com/-ig5ooJ9U9qk/Wd7OmA3xHYI/AAAAAAAAG9M/NWz9lQi5UVE4BalGGmMCF4GVNDNsWqAhACE0YBhgL/s1024/bone.png,minecraft:bone,x,4,3,1
ベッド,https://lh3.googleusercontent.com/-gOvvIoHZgUs/WWSMR1lzkMI/AAAAAAAAGDU/Dg8uz-eb70EaBuqc2L6YjFgmAjB0a6fbQCE0YBhgL/s1024/bed-14.png,minecraft:bed,各色ベッド含む,4,1,3
エリトラ,https://lh3.googleusercontent.com/-XvqBKsomWW0/WZ0cE-4ZwkI/AAAAAAAAGeg/RASKRnAFyDEaKE8xcYdeAgvgEh_3APPowCE0YBhgL/s1024/elytra.png,minecraft:elytra,x,4,1,3
エメラルド鉱石,https://lh3.googleusercontent.com/-bK2vjsIwLQE/WYM72U0u2PI/AAAAAAAAGUc/TSXORbrBMn0wVZR271SObXb5dJO0wNJ7gCE0YBhgL/s1024/emerald_ore.png,minecraft:emerald_ore,x,4,1,3
金インゴット,https://lh3.googleusercontent.com/--rkMSyEilJI/WYM72TomfEI/AAAAAAAAGUc/lNOUf3W6RWolH8EYlyBbtE9q4UFf17HugCE0YBhgL/s1024/gold_ingot.png,minecraft:gold_ingot,x,4,1,3
焼き豚,https://lh3.googleusercontent.com/-6vJC8NNvjog/WcDJRudRIfI/AAAAAAAAGxM/iqzJRl1qry8VYJM-PbBLDKI8j2EbLODMwCE0YBhgL/s1024/cooked_porkchop.png,minecraft:cooked_porkchop,x,4,1,3
本,https://lh3.googleusercontent.com/-nfk0ept3tW8/Wd7OmJB_bdI/AAAAAAAAG9M/6M6nq4Pti1IVo49lOMnjPBjQiaVC7YL2wCE0YBhgL/s1024/book.png,minecraft:book,エンチャントされた本を含む,4,1,3
釣竿,https://lh3.googleusercontent.com/-H-_otnwhmTY/WWS7gjpzN2I/AAAAAAAAGF4/IDHZp8EUoBAdvxR_aKlLZkI9c29VAGjqQCE0YBhgL/s1024/fishing_rod.png,minecraft:fishing_rod,x,4,1,3
ステーキ,https://lh3.googleusercontent.com/-yP8eoaGy9F0/WcDJRnMCybI/AAAAAAAAGxM/NRigr-cwPOkAI89j2d1B0-fXNTBu8ablACE0YBhgL/s1024/cooked_beef.png,minecraft:cooked_beef,x,4,1,3
焼き鳥,https://lh3.googleusercontent.com/-X7dbGLbJZeM/WcDJRiIGTXI/AAAAAAAAGxU/RTcruFf-JIUGpaBlCIJey_KS_e1_PghhwCE0YBhgL/s1024/cooked_chicken.png,minecraft:cooked_chicken,x,4,1,3
焼き兎肉,https://lh3.googleusercontent.com/-REeSFsXK4u4/WcDJRrNd4BI/AAAAAAAAGxU/1HhPQRDWwHsCKM08f7QL2ezHigDNui-zgCE0YBhgL/s1024/cooked_rabbit.png,minecraft:cooked_rabbit,x,4,1,3
焼き羊肉,https://lh3.googleusercontent.com/-JlG3Ts82ImY/WcDJRuogICI/AAAAAAAAGxM/7N_Bl26VpAkrJ5vR8SJF8KDtjLrYc3kGgCE0YBhgL/s1024/cooked_mutton.png,minecraft:cooked_mutton,x,4,1,3
アカシアの木材,https://lh3.googleusercontent.com/-ENZYfnpP44c/Wa97ge5TosI/AAAAAAAAGpI/Gw1YS3M69A4Wqd4Jj8kXlqKHz3NYtZdpgCE0YBhgL/s1024/planks-4.png,minecraft:planks,x,4,1,3
マツの木材,https://lh3.googleusercontent.com/-tp_fmZ7qQd8/Wa97gcOBWmI/AAAAAAAAGpI/2II7XqeKX2wGmBuACxxASbQbtlWvdhGEwCE0YBhgL/s1024/planks-1.png,minecraft:planks,x,4,1,3
土,https://lh3.googleusercontent.com/-ikfDDk06H7Q/WWl5Kh_5w_I/AAAAAAAAGJg/tIDLfEEMDsAojTBPIp8eBTYVMtOZuUXFACE0YBhgL/s1024/dirt.png,minecraft:dirt,ポドゾルを含む,3,3,0
火打石,https://lh3.googleusercontent.com/-OQh_4kvZbck/Wd7OmKdfynI/AAAAAAAAG9M/UFUiVkzrqLMX5mhgMUceSB57C5PfoS-lgCE0YBhgL/s1024/flint.png,minecraft:flint,x,3,2,1
グロウストーンダスト,https://lh3.googleusercontent.com/-sRxErAPs7a4/WakLdUw4JiI/AAAAAAAAGmM/5GB577dJvSEoJ0iLI1MeM7te-K4ijghegCE0YBhgL/s1024/glowstone_dust.png,minecraft:glowstone_dust,x,3,2,1
苗木,https://lh3.googleusercontent.com/-8hKrTHGrSMI/Wa97gFF2j8I/AAAAAAAAGpI/EZH0QZm4LMAnOVCat8LOvNxetJrgQ89bQCE0YBhgL/s1024/sapling.png,minecraft:sapling,各種(オーク/マツ等)を含む,3,2,1
サボテン,https://lh3.googleusercontent.com/-TBJG0C0mkqs/WcDJRjFqOrI/AAAAAAAAGxM/rOuyzgk498MGGImNWEmeOQ1hw6OVxriQACE0YBhgL/s1024/cactus.png,minecraft:cactus,x,3,2,1
ネザーラック,https://lh3.googleusercontent.com/-O5aH4jJ4lFM/WakLdZMJ4WI/AAAAAAAAGmM/d0ghnhnFxjguhI097RQOH948Lg10ZKSjgCE0YBhgL/s1024/netherrack.png,minecraft:netherrack,x,3,2,1
ソウルサンド,https://lh3.googleusercontent.com/-D1O7k2hTmtY/WakLdWZPkMI/AAAAAAAAGmM/JnDQxQmVMWoTpAvizq0zI06NpaKiqjNVwCE0YBhgL/s1024/soul_sand.png,minecraft:soul_sand,x,3,2,1
ネザーウォート,https://lh3.googleusercontent.com/-H9sfCTnri5Y/WakLdYkWhTI/AAAAAAAAGmM/fAN8vXq3IfcJEiF3YcjRi8WXeOAzmuDYQCE0YBhgL/s1024/nether_wart.png,minecraft:nether_wart,x,3,2,1
革の帽子,https://lh3.googleusercontent.com/-Bf3Q3czTjU0/WWS7TtnA6xI/AAAAAAAAGF4/8w9b2HzUyHM8TV7pGc9-c507KdM53qk5ACE0YBhgL/s1024/leather_helmet.png,minecraft:leather_helmet,x,3,2,1
革の上着,https://lh3.googleusercontent.com/-IKIyiU2IrTw/WWS7TnelTUI/AAAAAAAAGF4/yDND63dikl05i-7sTmEvuFMP_6bgBXoZACE0YBhgL/s1024/leather_chestplate.png,minecraft:leather_chestplate,x,3,2,1
革のズボン,https://lh3.googleusercontent.com/-pS_IFSmdaNc/WWS7TomrfpI/AAAAAAAAGF4/KPs95f0FJHkq0xioyADY--M2mKLxZQsEQCE0YBhgL/s1024/leather_leggings.png,minecraft:leather_leggings,x,3,2,1
革のブーツ,https://lh3.googleusercontent.com/-o102snyOhD4/WWS7To0HqzI/AAAAAAAAGF4/UtZ6kEHnmjw61Suwrn0YLCwsy5mKuwHdACE0YBhgL/s1024/leather_boots.png,minecraft:leather_boots,x,3,2,1
チェーンのヘルメット,https://lh3.googleusercontent.com/-Aaoz-nsl-JE/WWS7Tk5M_0I/AAAAAAAAGF4/KCMF6ByLScIj6ZZAON99oIOZO1m9yaf_wCE0YBhgL/s1024/chainmail_helmet.png,minecraft:chainmail_helmet,x,3,2,1
チェーンのチェストプレート,https://lh3.googleusercontent.com/-jEnvfam2-y4/WWS7TuCTfkI/AAAAAAAAGF4/O8GC7BneiAY3WuDfrq2mlBE4vM3inP7fACE0YBhgL/s1024/chainmail_chestplate.png,minecraft:chainmail_chestplate,x,3,2,1
チェーンのレギンス,https://lh3.googleusercontent.com/-IJdG-twg3jU/WWS7TvoxnuI/AAAAAAAAGF4/K5ZldacUGVMoe99BpxYry4TZv7svqektgCE0YBhgL/s1024/chainmail_leggings.png,minecraft:chainmail_leggings,x,3,2,1
チェーンのブーツ,https://lh3.googleusercontent.com/-KKzRyjPam40/WWS7ThWRvNI/AAAAAAAAGF4/CToVT7ORKysETOsMmpqqkx5O2d3BVBJTACE0YBhgL/s1024/chainmail_boots.png,minecraft:chainmail_boots,x,3,2,1
金のヘルメット,https://lh3.googleusercontent.com/-GpxkphJAQ9g/WWS7TnaWX9I/AAAAAAAAGF4/s_ZE2EovUsQvFVf-8QRzUu2dbASZk6WhgCE0YBhgL/s1024/golden_helmet.png,minecraft:golden_helmet,x,3,2,1
金のチェストプレート,https://lh3.googleusercontent.com/-0EX_0iTeuds/WWS7TmBdArI/AAAAAAAAGF4/V11ujG1p114vv29Le_PhUkrFaSW9B04OQCE0YBhgL/s1024/golden_chestplate.png,minecraft:golden_chestplate,x,3,2,1
金のレギンス,https://lh3.googleusercontent.com/-xQMIKoYGXck/WWS7TosL6_I/AAAAAAAAGF4/PJ5HhTNdSBkdRx2xgmlnX0GaGbVVs6dHwCE0YBhgL/s1024/golden_leggings.png,minecraft:golden_leggings,x,3,2,1
金のブーツ,https://lh3.googleusercontent.com/-ozyNCx0ofaY/WWS7Tlsef2I/AAAAAAAAGF4/Rs3bd-LD_xALxY4t9Vy4os4c9PMLb8ZcwCE0YBhgL/s1024/golden_boots.png,minecraft:golden_boots,x,3,2,1
スライムボール,https://lh3.googleusercontent.com/-UCRb4mIeziY/Wd7OmFIMuWI/AAAAAAAAG9M/QEBKa0Nc8FQkE4qksfMpuOQVcGlABj6xQCE0YBhgL/s1024/slime_ball.png,minecraft:slime_ball,x,3,2,1
ネザー水晶(アイテム),https://lh3.googleusercontent.com/--ybhOqna-A0/WakLdXncnFI/AAAAAAAAGmM/FGJtOMBMAjUWGa6b83MTjWvubGwAzn68wCE0YBhgL/s1024/quartz.png,minecraft:quartz,x,3,2,1
プリズマリンの欠片,https://lh3.googleusercontent.com/-dxzMvY086eQ/Wa9714NhLsI/AAAAAAAAGpI/n9ME2D_fDhgTWKEdzcMhVqZ-o9k8OVK-ACE0YBhgL/s1024/prismarine_shard.png,minecraft:prismarine_shard,x,3,2,1
プリズマリンクリスタル,https://lh3.googleusercontent.com/-RldoJOXlkis/Wa9714eDrmI/AAAAAAAAGpI/6tMM39LaiXk53eafB_URkMxhSV9hGscIQCE0YBhgL/s1024/prismarine_crystals.png,minecraft:prismarine_crystals,x,3,2,1
腐った肉,https://lh3.googleusercontent.com/-VzQZ72dQ-Xs/WcDJRpmYcRI/AAAAAAAAGxM/gJKGnJ5SqG03B2hEQnHO6BF5-k1fK5skQCE0YBhgL/s1024/rotten_flesh.png,minecraft:rotten_flesh,x,3,3,0
本棚,https://lh3.googleusercontent.com/-HozYWFHc534/WbZLTOdTnVI/AAAAAAAAGtM/XBFTBppH72goQE9F841DL8ZpD85Y7yo7wCE0YBhgL/s1024/bookshelf.png,minecraft:bookshelf,x,3,1,2
不死のトーテム,https://lh3.googleusercontent.com/-Jm9ta1aPad4/WZ0cE_R_UmI/AAAAAAAAGeg/MAlmdFGf0Ec-4oOqjCgIgQ609PNCJ2bBQCE0YBhgL/s1024/totem_of_undying.png,minecraft:totem_of_undying,x,3,1,2
はしご,https://lh3.googleusercontent.com/-F2PokSubC0I/WbZLTGbb6RI/AAAAAAAAGtE/VRPBHdvEDBAt2HJ7MzlHdC1zUHo8djBCgCE0YBhgL/s1024/ladder.png,minecraft:ladder,x,3,1,2
レール,https://lh3.googleusercontent.com/-0oWl0DBB3_Y/WakLV7FjJuI/AAAAAAAAGmM/Ed8cWI52YygIkXtfbAcSiMFEwCJfsVwkgCE0YBhgL/s1024/rail.png,minecraft:rail,x,3,1,2
金床,https://lh3.googleusercontent.com/-ZaiXSnmIsew/WYM68p39DvI/AAAAAAAAGT4/P-p7nQUQOkw1jiyYd_cDegVZS9I_HIxyQCE0YBhgL/s1024/anvil.png,minecraft:anvil,少し壊れた金床/かなり壊れた金床を含む,3,0,3
シーランタン,https://lh3.googleusercontent.com/-TrSjko-57pY/Wa971-KKSdI/AAAAAAAAGpI/FKIzoe-hMNI2Dt4Sox9kPaK9GZwisL6owCE0YBhgL/s1024/sea_lantern.png,minecraft:sea_lantern,x,3,1,2
金ブロック,https://lh3.googleusercontent.com/-cPdrf1XPlzw/WYM72e0PBrI/AAAAAAAAGUc/lE0CbbaGh_UF-9nCDc9beMkCqfTqxCpwgCE0YBhgL/s1024/gold_block.png,minecraft:gold_block,x,3,0,3
鉄ブロック,https://lh3.googleusercontent.com/-XJECvK6hkEU/WYmb-ZO6EqI/AAAAAAAAGYM/crbb5BgtY_0R7nbVG7pKPp8UVTKr94uEwCE0YBhgL/s1024/iron_block.png,minecraft:iron_block,x,3,0,3
ダイヤモンドブロック,https://lh3.googleusercontent.com/-kcfQ9kdJvlc/WYM72U5qNCI/AAAAAAAAGUc/63Tp-zQoh78vMvcjd2oKjTMfpK5QQF62gCE0YBhgL/s1024/diamond_block.png,minecraft:diamond_block,x,3,0,3
エンチャントテーブル,https://lh3.googleusercontent.com/-xNB6-GLPxhY/WYM68nHQPqI/AAAAAAAAGT4/NORFmkn2E-Ag2XQT8mzOJxJ2tGl1IA23wCE0YBhgL/s1024/enchanting_table.png,minecraft:enchanting_table,x,3,0,3
エンダーチェスト,https://lh3.googleusercontent.com/-7Gd3ZhdQiqw/WWNxgu9lDUI/AAAAAAAAGCA/d-yBQ5rESTEA5lLiMmn4GlIog5gch8DNgCE0YBhgL/s1024/ender_chest.png,minecraft:ender_chest,x,3,0,3
エメラルドブロック,https://lh3.googleusercontent.com/-EROv4n-FCf4/WYM72ZTx02I/AAAAAAAAGUc/LcYP8FTLZMICj-jLRayEEzErrs8uwWdQQCE0YBhgL/s1024/emerald_block.png,minecraft:emerald_block,x,3,0,3
トラップチェスト,https://lh3.googleusercontent.com/-klj90cyGEB4/WYmcjZdLoxI/AAAAAAAAGZM/VNer7vyFqggX1jsiOxbV4N9cgxThC7ZVwCE0YBhgL/s1024/trapped_chest.png,minecraft:trapped_chest,x,3,0,3
ホッパー,https://lh3.googleusercontent.com/-3sPw4vgLMro/WYmcjS2AVkI/AAAAAAAAGZA/XBhOhL-BEkQsipCd3BHa9DD_Eukf9IAPACE0YBhgL/s1024/hopper.png,minecraft:hopper,x,3,0,3
干草の俵,https://lh3.googleusercontent.com/-4F3k1hi2Glo/WcDJRs4SceI/AAAAAAAAGxM/7-rsPxGYatsnhAuDUpo2egw4B97m5my_gCE0YBhgL/s1024/hay_block.png,minecraft:hay_block,x,3,0,3
石炭ブロック,https://lh3.googleusercontent.com/-jNzJWZt_sPY/WYM72QOgSZI/AAAAAAAAGUc/t9NYSheJYVMoDv1zSp9ZKrDHXGIS5coygCE0YBhgL/s1024/coal_block.png,minecraft:coal_block,x,3,0,3
シュルカーボックス,https://lh3.googleusercontent.com/-TYkrzd9U6mU/WWNslXSmvUI/AAAAAAAAGBM/gUKMTGSPsxEXHbgYN49YsfrsH4v5q3uCACE0YBhgL/s1024/white_shulker_box.png,minecraft:white_shulker_box,各色を含む,3,0,3
鉄のツルハシ,https://lh3.googleusercontent.com/-q9IztPMxNEk/WWS7gsoN9LI/AAAAAAAAGF4/Mi3XzKAsadIm8tuMHEyKSMLfepA-r2JNgCE0YBhgL/s1024/iron_pickaxe.png,minecraft:iron_pickaxe,x,3,0,3
火打石と打ち金,https://lh3.googleusercontent.com/-r8GtpU8I1Yw/WcjHcjtn44I/AAAAAAAAG2M/Vv9PwJNkGXkkXbp1Yy5FixpnVGkhKZu6QCE0YBhgL/s1024/flint_and_steel.png,minecraft:flint_and_steel,x,3,0,3
ダイヤの剣,https://lh3.googleusercontent.com/-WYZl7cV8sJ0/WWS7gu7AgbI/AAAAAAAAGF4/qn58CMmoe-sBgX9EM7SP1bT3l1kLMKdaACE0YBhgL/s1024/diamond_sword.png,minecraft:diamond_sword,x,3,0,3
ダイヤのツルハシ,https://lh3.googleusercontent.com/-dgwV9Z7N-zg/WWS7gmJp4_I/AAAAAAAAGF4/YpBvCnHbLd8STXUAwLHb-VgnQ9Dl8ndFQCE0YBhgL/s1024/diamond_pickaxe.png,minecraft:diamond_pickaxe,x,3,0,3
キノコシチュー,https://lh3.googleusercontent.com/-UZ--4Yn4Yn4/WcDJRlRmGxI/AAAAAAAAGxM/pTt2vEQu63MXQbgu_MG4dspiLkl5k_pKgCE0YBhgL/s1024/mushroom_stew.png,minecraft:mushroom_stew,x,3,0,3
小麦,https://lh3.googleusercontent.com/-U5td6vWkpf0/WcDJRjFSAMI/AAAAAAAAGxM/4MT436CEj24lJ4Te46Op_qXAn_h5qAclQCE0YBhgL/s1024/wheat.png,minecraft:wheat,x,3,0,3
パン,https://lh3.googleusercontent.com/-b3E9pEf8iyM/WcDJRvY9sEI/AAAAAAAAGxU/NnuxAycVKQIHeU77l4317LODfF_aw3s7gCE0YBhgL/s1024/bread.png,minecraft:bread,x,3,0,3
ダイヤのヘルメット,https://lh3.googleusercontent.com/-mvXLpjnPaY4/WWS7TqlGd_I/AAAAAAAAGF4/2JR_8m36QywUNKsAJ_6PUoer0AuKnMNqQCE0YBhgL/s1024/diamond_helmet.png,minecraft:diamond_helmet,x,3,0,3
ダイヤのチェストプレート,https://lh3.googleusercontent.com/-uIWVCnF8zbk/WWS7TisN29I/AAAAAAAAGF4/CfhNIsZaIsQRa7g13NgB9No8oaZ1dSH_ACE0YBhgL/s1024/diamond_chestplate.png,minecraft:diamond_chestplate,x,3,0,3
ダイヤのレギンス,https://lh3.googleusercontent.com/-7G7OIsgPz3M/WWS7TpJ6hFI/AAAAAAAAGF4/1OgDHvuoOVw7e8jZD48N--tjKFS20j9BACE0YBhgL/s1024/diamond_leggings.png,minecraft:diamond_leggings,x,3,0,3
ダイヤのブーツ,https://lh3.googleusercontent.com/-ez4cubglQ78/WWS7TkpsS3I/AAAAAAAAGF4/xv4SVHhgLEgFXLTOtiNf8LRi-uOqEIh-gCE0YBhgL/s1024/diamond_boots.png,minecraft:diamond_boots,x,3,0,3
金のリンゴ,https://lh3.googleusercontent.com/-zg3ak15EvI4/WcDI2ATUOdI/AAAAAAAAGxM/b3tEOaKCmqw867RWggc-9M88gAiibjoowCE0YBhgL/s1024/golden_apple.png,minecraft:golden_apple,エンチャントされた金のリンゴを含む,3,0,3
バケツ,https://lh3.googleusercontent.com/-RCh-BcyfSLw/Wd7OmAQNMbI/AAAAAAAAG9M/921hyH0zfjIsrv_heGyvAkvW2L4sYQw7wCE0YBhgL/s1024/bucket.png,minecraft:bucket,水入りバケツ/溶岩入りバケツ/牛乳を含む,3,0,3
焼き魚,https://lh3.googleusercontent.com/-VCwkorHKryI/WcDJRg70diI/AAAAAAAAGxM/IKSheKpuxUEyIpdo5D68a7Pm6Ncjj6bagCE0YBhgL/s1024/cooked_fish.png,minecraft:cooked_fish,焼き鮭を含む,3,0,3
クッキー,https://lh3.googleusercontent.com/-FLVSKAQkJnY/WcDJRq78WII/AAAAAAAAGxU/kSaIkgtP0xMWiAorhKb6QzSf9NWEFwXHwCE0YBhgL/s1024/cookie.png,minecraft:cookie,x,3,0,3
ハサミ,https://lh3.googleusercontent.com/-63WSI9juoc4/WWS7gq080BI/AAAAAAAAGF4/U0n1-VEWdyYFEpDqOTVojay5b7yaML6sgCE0YBhgL/s1024/shears.png,minecraft:shears,x,3,0,3
カボチャの種,https://lh3.googleusercontent.com/-6NTdTCuYCoU/WcDJRoBtuSI/AAAAAAAAGxM/pD-ogeicXlwnTBmUxx-TZc69cVSl6sCegCE0YBhgL/s1024/pumpkin_seeds.png,minecraft:pumpkin_seeds,x,3,0,3
スイカの種,https://lh3.googleusercontent.com/-uiqeDCN1H3o/WcDJRhJf3EI/AAAAAAAAGxM/Q9xGxGi_NRsIj2oB2p6pUe97Hw8DtOXjwCE0YBhgL/s1024/melon_seeds.png,minecraft:melon_seeds,x,3,0,3
きらめくスイカ,https://lh3.googleusercontent.com/-4utJ6vAPXWM/WcDI2A0XdzI/AAAAAAAAGxM/iduYe11xFPoe8RYU-OIXUyH-3h1CbSEjQCE0YBhgL/s1024/speckled_melon.png,minecraft:speckled_melon,x,3,0,3
ベークドポテト,https://lh3.googleusercontent.com/-Ucoi-jpMkIQ/WcDJRhFseBI/AAAAAAAAGxU/prk74Smdyl8SPStVqZcmJNBbAwlnanxjgCE0YBhgL/s1024/baked_potato.png,minecraft:baked_potato,x,3,0,3
金のニンジン,https://lh3.googleusercontent.com/-rqG7oBThsxI/WcDI2LhFVZI/AAAAAAAAGxM/1iFTdw3lSYwlITPM_kvivxHfjQdaLkSywCE0YBhgL/s1024/golden_carrot.png,minecraft:golden_carrot,x,3,0,3
パンプキンパイ,https://lh3.googleusercontent.com/--YwVJQFpacE/WcDJRsgyU0I/AAAAAAAAGxM/L8t1O5rdcSAqnYZvRhYCzSgC7PFIb6fAgCE0YBhgL/s1024/pumpkin_pie.png,minecraft:pumpkin_pie,x,3,0,3
ウサギシチュー,https://lh3.googleusercontent.com/-sWpES0itt-E/WcDJRmVMG4I/AAAAAAAAGxM/hfcOzus2k_g45SUa3u6RcJRFKVkd6bReACE0YBhgL/s1024/rabbit_stew.png,minecraft:rabbit_stew,x,3,0,3
ビートルートスープ,https://lh3.googleusercontent.com/-1xnX5TCfVvo/WcDJRmCxPAI/AAAAAAAAGxM/HN_zSWmMADgbxLBZiG_5hR_99DfTNF3rgCE0YBhgL/s1024/beetroot_soup.png,minecraft:beetroot_soup,x,3,0,3
ダークオークの木材,https://lh3.googleusercontent.com/-3EOByZCRCKg/Wa97gNb8XLI/AAAAAAAAGpI/enDNKDceDgk5F67TQ3G5de_aOXS96wt_QCE0YBhgL/s1024/planks-5.png,minecraft:planks,x,3,0,3
シラカバの木材,https://lh3.googleusercontent.com/-GAPxGCJKfbg/Wa97gUPAdrI/AAAAAAAAGpI/kUYIILlBhDgnOTf42C3xa5n_i12mRBaLgCE0YBhgL/s1024/planks-2.png,minecraft:planks,x,3,0,3
石,https://lh3.googleusercontent.com/-OrguBeSLy6w/WWl5KkhSnWI/AAAAAAAAGJg/duqbGC8MVEQX8Mcldeu9Rw01-ygMxNitgCE0YBhgL/s1024/stone.png,minecraft:stone,(磨かれた)花崗岩/(磨かれた)閃緑岩/(磨かれた)安山岩を含む,2,1,1
葉,https://lh3.googleusercontent.com/-2sXtZNAxKLQ/Wa97gFyI-OI/AAAAAAAAGpI/UmkYV0S-vpEcYtobw0oE2vdPoTX7dZ2IQCE0YBhgL/s1024/leaves.png,minecraft:leaves,各種(オーク/マツ等)を含む,2,2,0
砂岩,https://lh3.googleusercontent.com/-EBAFLFE4oUo/WZWwlRP_R_I/AAAAAAAAGbY/AOgCHVwRAr4Q4SnCFbAzujvx0AxaC95nACE0YBhgL/s1024/sandstone.png,minecraft:sandstone,赤い砂岩を含む,2,2,0
草,https://lh3.googleusercontent.com/-f_JXeNJ6o94/Wa97qwuj1GI/AAAAAAAAGpI/Yn6FPYgruNwRhS3wTZaVSiXVUfec6nTJwCE0YBhgL/s1024/tallgrass.png,minecraft:tallgrass,シダ/枯れ草/高い草を含む,2,2,0
枯れ木,https://lh3.googleusercontent.com/-f_JXeNJ6o94/Wa97qwuj1GI/AAAAAAAAGpI/Yn6FPYgruNwRhS3wTZaVSiXVUfec6nTJwCE0YBhgL/s1024/tallgrass.png,minecraft:deadbush,x,2,2,0
スイレンの葉,https://lh3.googleusercontent.com/-xrlRpld4HD4/Wa97q6xMlSI/AAAAAAAAGpI/LtS0nL6bJ2wplKXcpw9F48bKjMiTO_zdgCE0YBhgL/s1024/waterlily.png,minecraft:waterlily,x,2,2,0
ネザーレンガブロック,https://lh3.googleusercontent.com/-OaZt8dFlgx4/WakLdd5qxwI/AAAAAAAAGmM/WmuaHxRrcas30xaxwP2i7eZo38TE5VTOACE0YBhgL/s1024/double_stone_slab-6.png,minecraft:nether_brick,赤ネザーレンガブロック含む,2,2,0
マグマブロック,https://lh3.googleusercontent.com/-aNetsAb2Uoo/WZW1mdO_WxI/AAAAAAAAGb8/9TK8myTV8h0IYf9Cxzy9rIbAOCf6PsSbACE0YBhgL/s1024/magma.png,minecraft:magma_block,x,2,2,0
雪玉,https://lh3.googleusercontent.com/-pRFPEGiY7kw/WZW1btZZT-I/AAAAAAAAGb0/I4ZBcW4xKTsWa0HUB8TAqJfkc94UYGEvwCE0YBhgL/s1024/snowball.png,minecraft:snowball,x,2,2,0
クモの目,https://lh3.googleusercontent.com/-AJbnpB3e0W8/Wd7OmHuTRzI/AAAAAAAAG9M/0hDyn8Wv1lIJegT08nVR0em-MpCkuJ-9QCE0YBhgL/s1024/spider_eye.png,minecraft:spider_eye,発酵したクモの目を含む,2,2,0
青くなったジャガイモ,https://lh3.googleusercontent.com/-Xaok1Q94bJk/WcDJRrr10hI/AAAAAAAAGxM/I_jx3HW_0t4NMJt02T1aynq9mLxkKUjhQCE0YBhgL/s1024/poisonous_potato.png,minecraft:poisonous_potato,x,2,2,0
石炭鉱石,https://lh3.googleusercontent.com/-krcnZIkLDww/WYM72XJ6eWI/AAAAAAAAGUc/J2xiuJEzQiUNRKCpIPh2aSegpnFZC430wCE0YBhgL/s1024/coal_ore.png,minecraft:coal_ore,x,2,1,1
ラピスラズリ鉱石,https://lh3.googleusercontent.com/-zVmh7E_Riy0/WYM72SzGLaI/AAAAAAAAGUc/WuPaf-gZqv4a4i6yC9C25SWU3aT8kb0CwCE0YBhgL/s1024/lapis_ore.png,minecraft:lapis_ore,x,2,1,1
ハーフブロック,https://lh3.googleusercontent.com/-ujVg_VeQQLI/WZWwlZTZtYI/AAAAAAAAGbY/-t3unVqkE6w-YJaEbUiKm5w2vnRhZGmiQCE0YBhgL/s1024/stone_slab.png,minecraft:stone_slab,各種ハーフブロック含む,2,1,1
TNT,https://lh3.googleusercontent.com/-OaEUkgX-kqA/WYmcjX_KALI/AAAAAAAAGZA/cWWAS_br5ugmsi2UpTIeeFa65Ugo90ITQCE0YBhgL/s1024/tnt.png,minecraft:tnt,x,2,1,1
苔石,https://lh3.googleusercontent.com/-ESA4SZHk5xw/WW9QxV59arI/AAAAAAAAGKo/DJF46tjQ3tkRgNg8od0RAkI89GP0qGx4QCE0YBhgL/s1024/mossy_cobblestone.png,minecraft:mossy_cobblestone,x,2,1,1
ダイヤモンド鉱石,https://lh3.googleusercontent.com/-Et6RTiVYdxM/WYM72Ya0HwI/AAAAAAAAGUc/AhTti9xQcqcDU2tykUMim8kOICQYNmuMACE0YBhgL/s1024/diamond_ore.png,minecraft:diamond_ore,x,2,1,1
木のドア,https://lh3.googleusercontent.com/-cnrHIwvZh_c/Wa97gNfH51I/AAAAAAAAGpI/qf8ualC6Bb0C9G9xayDzLNtsy_QxrxVwACE0YBhgL/s1024/wooden_door.png,minecraft:wooden_door,各種木材(オーク/マツ等)を含む,2,1,1
レッドストーン鉱石,https://lh3.googleusercontent.com/-94wyKojnEK8/WYM_ZxD887I/AAAAAAAAGUs/qYcZdchU4kQPYyaETm_qgk5cPX0VaUVsACE0YBhgL/s1024/redstone_ore.png,minecraft:redstone_ore,x,2,1,1
フェンス,https://lh3.googleusercontent.com/-zE-gR6v71DQ/Wa97gK1cfmI/AAAAAAAAGpI/jF7KEyN_C8UK_LQFvtu66BmvtcXKaKBDgCE0YBhgL/s1024/fence.png,minecraft:fence,各種フェンス含む,2,1,1
グロウストーン,https://lh3.googleusercontent.com/-vhc3rEuORZM/WakLdbuiMKI/AAAAAAAAGmM/8Pcrx2JYB1wmt-PlE0TPyXC_BA_jRjU4gCE0YBhgL/s1024/glowstone.png,minecraft:glowstone,x,2,1,1
スイカブロック,https://lh3.googleusercontent.com/-sLjBbAugnis/WcDJRnRwlbI/AAAAAAAAGxM/8-DKxphk2vwVtTdf2j9Ty4d6z_ZMKpUqACE0YBhgL/s1024/melon_block.png,minecraft:melon_block,x,2,1,1
つる,https://lh3.googleusercontent.com/-2BE7lOnlXpw/Wa97qw1HL1I/AAAAAAAAGpI/ZvdOfgr4pHEJCSV9h5_5YZjYMVXF7nhuQCE0YBhgL/s1024/vine.png,minecraft:vine,x,2,1,1
ネザー水晶鉱石,https://lh3.googleusercontent.com/-56CiasYTcCs/WakLdSsWTSI/AAAAAAAAGmM/aN1I_jG0nkMejUGSLki73OQrg0804YYswCE0YBhgL/s1024/quartz_ore.png,minecraft:quartz_ore,x,2,1,1
金の剣,https://lh3.googleusercontent.com/-l_ch87kVEvg/WWS7govXajI/AAAAAAAAGF4/7cbt7SE1el0ewGfzRdHQoc09cBe_2DTiQCE0YBhgL/s1024/golden_sword.png,minecraft:golden_sword,x,2,1,1
金塊,https://lh3.googleusercontent.com/-HtjUqx8ufhU/WYM72VUxGJI/AAAAAAAAGUc/M3aU3CSO6vQmqaUXwPU3hdCWVaMneI1KACE0YBhgL/s1024/gold_nugget.png,minecraft:gold_nugget,x,2,1,1
ポーション,https://lh3.googleusercontent.com/-LerO0hifXHE/WcDI2CfwLQI/AAAAAAAAGxM/SdLMVvk9CQMDgfsCAC6sh3yJhXWBgPxIACE0YBhgL/s1024/potion.png,minecraft:potion,各種ポーションを含む,2,1,1
盾,https://lh3.googleusercontent.com/-9UpB8O5FWmY/WZ0cE-ciddI/AAAAAAAAGeg/ZcWgtpC3YFw__85Nx8smeDynJ2iKpop3gCE0YBhgL/s1024/shield.png,minecraft:shield,x,2,0,2
ジャック・オ・ランタン,https://lh3.googleusercontent.com/-F77kkS9LLmg/WcDJRoyePVI/AAAAAAAAGxM/Iwh_r58oDds937OrqOHvrzYVQfKO_Y2zQCE0YBhgL/s1024/lit_pumpkin.png,minecraft:lit_pumpkin,x,2,0,2
ケーキ,https://lh3.googleusercontent.com/-ynm36McWHRA/WcDJRsba8qI/AAAAAAAAGxU/VnKLESH3vf0PCTy0WTVWscIBq5beA9HDQCE0YBhgL/s1024/cake.png,minecraft:cake,x,2,0,2
レッドストーンランプ,https://lh3.googleusercontent.com/-S3oYZ1H_Inw/WYmcjZDss2I/AAAAAAAAGZM/8TdS3WIrqV03BjqcTKTpTFUJ1NMUZfHwACE0YBhgL/s1024/redstone_lamp.png,minecraft:redstone_lamp,x,2,0,2
シュルカーの殻,https://lh3.googleusercontent.com/-Q20rMH33Owo/WcDIvq6zHpI/AAAAAAAAGxM/E-rIxBgrjcIHitV5a0qf_xL5vHIjydOjwCE0YBhgL/s1024/shulker_shell.png,minecraft:shulker_shell,x,2,0,2
鉄のシャベル,https://lh3.googleusercontent.com/-kuTmW218kBc/WWS7gi8nNCI/AAAAAAAAGF4/UV1bY4qa0Zcua3K0PBkm9H2rCBM8S4EUwCE0YBhgL/s1024/iron_shovel.png,minecraft:iron_shovel,x,2,0,2
鉄の斧,https://lh3.googleusercontent.com/-SeJ8Ry_ZIfw/WWS7gs2gLJI/AAAAAAAAGF4/JpqHJs6nkuso0J7g3OrPtli9PtNBtf-6ACE0YBhgL/s1024/iron_axe.png,minecraft:iron_axe,x,2,0,2
鉄の剣,https://lh3.googleusercontent.com/-4leSQVwSdTw/WWS7gnn7q6I/AAAAAAAAGF4/zideINP6OMQnyV1s8qHe-UvZUI7aXihIACE0YBhgL/s1024/iron_sword.png,minecraft:iron_sword,x,2,0,2
木のツルハシ,https://lh3.googleusercontent.com/-tFbr5InfQFU/WWS7gvFIKOI/AAAAAAAAGFw/QLTsKfODFOAh9vTQzoq6PbCSqv6dYqiyACE0YBhgL/s1024/wooden_pickaxe.png,minecraft:wooden_pickaxe,x,2,0,2
石のツルハシ,https://lh3.googleusercontent.com/-XMmKTNCm518/WWS7gt7OAVI/AAAAAAAAGF4/l_djsSwtKPQ8YlZ0j0UgX0UI9KPakppkwCE0YBhgL/s1024/stone_pickaxe.png,minecraft:stone_pickaxe,x,2,0,2
ダイヤのシャベル,https://lh3.googleusercontent.com/-VDA1dMB9PaY/WWS7ghrEF2I/AAAAAAAAGF4/VFSq4gt6mSYwf3ze0JFBEVDZ4YDYE76zQCE0YBhgL/s1024/diamond_shovel.png,minecraft:diamond_shovel,x,2,0,2
ダイヤの斧,https://lh3.googleusercontent.com/-QWXL8TPKwrQ/WWS7gvqp5jI/AAAAAAAAGF4/PBGlWN7sRLcRft8M3cei_gxfQ8AmnOz2ACE0YBhgL/s1024/diamond_axe.png,minecraft:diamond_axe,x,2,0,2
金のツルハシ,https://lh3.googleusercontent.com/-CSarmDGaJ3Q/WWS7gp2lFEI/AAAAAAAAGF4/xrrr8lY-GHc0eri1SivKubhgfiAVZwSXwCE0YBhgL/s1024/golden_pickaxe.png,minecraft:golden_pickaxe,x,2,0,2
ボート,https://lh3.googleusercontent.com/-2yvgGBxtKyA/WakLV1xdIuI/AAAAAAAAGmM/WSK2BHEqDDQ0HfYLW5Rx1iucuj3SxbBQACE0YBhgL/s1024/boat.png,minecraft:boat,各種(オーク/マツ等)を含む,2,0,2
エンダーアイ,https://lh3.googleusercontent.com/-MKqc91ZU1B0/WcDIvmvclkI/AAAAAAAAGxM/iBod8zgA9xsCgrVAydf2PaUN2q38LBU_wCE0YBhgL/s1024/ender_eye.png,minecraft:ender_eye,x,2,0,2
草ブロック,https://lh3.googleusercontent.com/-CobRDXiNX1k/WWl5Ks1vhNI/AAAAAAAAGJg/g3s82UiVJqIN5kikIXcOu5B-OGbiW57-QCE0YBhgL/s1024/grass.png,minecraft:grass,x,1,1,0
スポンジ,https://lh3.googleusercontent.com/-cDdOGhIFhag/Wd7OmM1mxNI/AAAAAAAAG9M/Yk1VGCKIupkPzTRyqVenzh-Or-hg8c9KwCE0YBhgL/s1024/sponge.png,minecraft:sponge,濡れたスポンジを含む,1,1,0
クモの巣,https://lh3.googleusercontent.com/-JQ-FmiziXJc/Wd7OmIKZF_I/AAAAAAAAG9M/QDzQKj_LZS4NDIXdxDZQM_tYhKCeMlUbQCE0YBhgL/s1024/web.png,minecraft:web,x,1,1,0
階段ブロック,https://lh3.googleusercontent.com/-3NC0ThPTSYk/Wa97gdWCApI/AAAAAAAAGpI/dtFoy6nsUBg0l3lVGAxrb3-DwI9LuXeqwCE0YBhgL/s1024/oak_stairs.png,minecraft:oak_stairs,各種階段ブロック含む,1,1,0
氷,https://lh3.googleusercontent.com/-NBTbQx4u__g/WZW1bubh9pI/AAAAAAAAGb0/_5TsWY3CcSEMnNWH-ztlqq7c6luQraA4ACE0YBhgL/s1024/ice.png,minecraft:ice,x,1,1,0
トラップドア,https://lh3.googleusercontent.com/-VdispHPxQpY/WYmcjRTAr-I/AAAAAAAAGZM/2coh8PfpM9wRG3ZlLjwGD3bDoanxdr91ACE0YBhgL/s1024/trapdoor.png,minecraft:trapdoor,鉄のトラップドアを含む,1,1,0
石レンガ,https://lh3.googleusercontent.com/-gDjFVUhPvDA/WZWwlU1hLfI/AAAAAAAAGbc/ObYmrUR22BMkQvCm8aNa1fr9t0WOybzQgCE0YBhgL/s1024/stonebrick.png,minecraft:stonebrick,苔石レンガ/ひびの入った石レンガ/模様入りの石レンガを含む,1,1,0
茶キノコ(ブロック),https://lh3.googleusercontent.com/-PjBbNQMvEK8/Wa97q06pj-I/AAAAAAAAGpI/jFU83wutFvgt84APw3fhrUtWrc2JUdiTQCE0YBhgL/s1024/brown_mushroom_block.png,minecraft:brown_mushroom_block,x,1,1,0
赤キノコ(ブロック),https://lh3.googleusercontent.com/-fj4l_yjTjto/Wa97q_QhD7I/AAAAAAAAGpI/7rzv0RmH_xYmIQzw--dEDRXLotkGjhikgCE0YBhgL/s1024/red_mushroom_block.png,minecraft:red_mushroom_block,x,1,1,0
鉄格子,https://lh3.googleusercontent.com/-SMa6-02j-qw/WbZLTNpEDRI/AAAAAAAAGtE/-pCdM9-3_iw78Ue0w2xyVC-v49SsXMwswCE0YBhgL/s1024/iron_bars.png,minecraft:iron_bars,x,1,1,0
板ガラス,https://lh3.googleusercontent.com/-Lln_ZohHLRk/WbZL73tXtoI/AAAAAAAAGtE/BCYJSfM3maEQ9UpWkcg7Fs0HxRQLVXumACE0YBhgL/s1024/glass_pane.png,minecraft:glass_pane,x,1,1,0
フェンスゲート,https://lh3.googleusercontent.com/--BF3Sil2j-0/Wa97gFTOJQI/AAAAAAAAGpI/S-pxViwdSYAgQoa3Z2dTSBQUQRZefFv-ACE0YBhgL/s1024/fence_gate.png,minecraft:fence_gate,各種フェンスゲート含む,1,1,0
菌糸,https://lh3.googleusercontent.com/-8D-gJuZjBOk/WW9QxcYi5GI/AAAAAAAAGKo/VgSqMogzAEYeyaoOO4_jJOsJoHMrqT8YQCE0YBhgL/s1024/mycelium.png,minecraft:mycelium,x,1,1,0
大釜,https://lh3.googleusercontent.com/-4Z_HDA9w2nQ/WcDI2Hb71HI/AAAAAAAAGxM/NmQ4n6E5Ors4VeI_rUh9uthPzc5UtVZZQCE0YBhgL/s1024/cauldron.png,minecraft:cauldron,x,1,0,1
エンドストーン,https://lh3.googleusercontent.com/-rCk2E9tTPHE/WcDIvpcJPOI/AAAAAAAAGxM/8yR343FIeEAn9g0o9QcB2g19KKjBexTAwCE0YBhgL/s1024/end_stone.png,minecraft:end_stone,x,1,1,0
丸石の壁,https://lh3.googleusercontent.com/-j9GXii47arc/WZWwlcAsLJI/AAAAAAAAGbc/_e6Zo9kbNVU-u7PAm2bEwoAD1uyyMqo_wCE0YBhgL/s1024/cobblestone_wall.png,minecraft:cobblestone_wall,苔石の壁を含む,1,1,0
Mobの頭,https://lh3.googleusercontent.com/-j7Q1gMAV178/WbZLTKnRW0I/AAAAAAAAGtE/qLSD0fdPll48YztSSvbL4ehcIOOGt0NRwCE0YBhgL/s1024/skull.png,minecraft:skull,各種Mobの頭を含む,1,1,0
プリズマリンブロック,https://lh3.googleusercontent.com/-oGAYF7PZpqw/Wa971xFD6tI/AAAAAAAAGpI/9V8KVcx7-iw85GUYrZT7EhYIJ23U2qBrgCE0YBhgL/s1024/prismarine.png,minecraft:prismarine,プリズマリンレンガ/ダークプリズマリンを含む,1,1,0
氷塊,https://lh3.googleusercontent.com/-7NIlF-pdymY/WZW1buGCo9I/AAAAAAAAGb0/OlSqa0chSQc3OCuKad5QYR26It3bEf-4gCE0YBhgL/s1024/packed_ice.png,minecraft:packed_ice,x,1,1,0
テラコッタ(色付き粘土),https://lh3.googleusercontent.com/-IIsE4Tq73Lc/WWBoGCAhgDI/AAAAAAAAF_Y/DzDI0BBU4VwL1dc7n7pntXnKsvHn31hPwCE0YBhgL/s1024/hardened_clay.png,minecraft:hardened_clay,各色テラコッタを含む,1,1,0
木の剣,https://lh3.googleusercontent.com/-B324-sYjw5I/WWS7grt3PiI/AAAAAAAAGFw/GDNk6LcsNmIlUFZd3yURLHQr1E5M6bAOgCE0YBhgL/s1024/wooden_sword.png,minecraft:wooden_sword,x,1,0,1
染料,https://lh3.googleusercontent.com/-P8aV_L0Lvmo/WWWnSSnBL0I/AAAAAAAAGHA/QtCUieIsCPQAFYwXgJ-_7ReKazkTLr_5QCE0YBhgL/s1024/dye.png,minecraft:dye,各色染料/カカオ豆/骨粉を含む,1,1,0
砂糖,https://lh3.googleusercontent.com/-hH-6vsXr4t4/WcDJRpikKFI/AAAAAAAAGxM/4BSWs3OgU8cBC5FTipcOHxNwBzJnlDq9QCE0YBhgL/s1024/sugar.png,minecraft:sugar,x,1,1,0
ガストの涙,https://lh3.googleusercontent.com/-tnuSffP4JFY/WakLdRqkRFI/AAAAAAAAGmM/aOagDTTBXhYZZiTTYrhq536XdHgAzBxBACE0YBhgL/s1024/ghast_tear.png,minecraft:ghast_tear,x,1,1,0
ガラス瓶,https://lh3.googleusercontent.com/-BCZderOH_Tk/WcDI2L7Rv3I/AAAAAAAAGxM/i2BGmBYX0SwcsIbRcIhjSKKE_LoQrbIcACE0YBhgL/s1024/glass_bottle.png,minecraft:glass_bottle,x,1,1,0
マグマクリーム,https://lh3.googleusercontent.com/-ohWRYxfrMMo/Wd7OmPJpUPI/AAAAAAAAG9M/mAbzUwS7oScNAsvCvoRHlK28RFaIMu95wCE0YBhgL/s1024/magma_cream.png,minecraft:magma_cream,x,1,1,0
ネザースター,https://lh3.googleusercontent.com/-3oRcrPgMrqQ/WakLdY_-SGI/AAAAAAAAGmM/p3IY_3GmI9wW1NNSO6G0tYCJ4ut5myGngCE0YBhgL/s1024/nether_star.png,minecraft:nether_star,x,1,1,0
ウサギの足,https://lh3.googleusercontent.com/-UpJBHn3ygik/WcDI2Jme79I/AAAAAAAAGxM/4dK8EoBteJ0B4vjsgrXZs9xsP09YpDM1wCE0YBhgL/s1024/rabbit_foot.png,minecraft:rabbit_foot,x,1,1,0
ラピスラズリブロック,https://lh3.googleusercontent.com/-MJ-vDj6qCVQ/WYM72SSeCMI/AAAAAAAAGUc/Z_JSB2zwWzA3vLLqrIwF-dzO9pqLE3CqQCE0YBhgL/s1024/lapis_block.png,minecraft:lapis_block,x,1,0,1
ディスペンサー,https://lh3.googleusercontent.com/-0MBUfbuzybo/WYmcjVez_6I/AAAAAAAAGZA/-EKRDP0yYn0zGLDgo5Awvju7GTgkjvYbQCE0YBhgL/s1024/dispenser.png,minecraft:dispenser,x,1,0,1
醸造台,https://lh3.googleusercontent.com/-XGiPmZVf-hw/WcDI2Pn3CxI/AAAAAAAAGxU/zL68sBDxW2wu6SbYE_807564Ge0cKcroACE0YBhgL/s1024/brewing_stand.png,minecraft:brewing_stand,x,1,0,1
レッドストーンブロック,https://lh3.googleusercontent.com/-qU-k9CPoPyI/WYM_Z8CaJxI/AAAAAAAAGUs/qYhufgn394s16Ne37_me80aTwmUajHpnACE0YBhgL/s1024/redstone_block.png,minecraft:redstone_block,x,1,0,1
ネザー水晶ブロック,https://lh3.googleusercontent.com/-Bhe21O5xPrw/WakLdZoHV4I/AAAAAAAAGmM/2PvOJ8bbyB4Et2gffn7HfKLhEWDuX6DwgCE0YBhgL/s1024/double_stone_slab-7.png,minecraft:quartz_block,x,1,0,1
スライムブロック,https://lh3.googleusercontent.com/-mY4MZVNaOuA/Wd7OmAVtKsI/AAAAAAAAG9M/HWSmOU85PD0ueryJNyVxkZKp-aWStuU6wCE0YBhgL/s1024/slime.png,minecraft:slime,x,1,0,1
鉄塊,https://lh3.googleusercontent.com/-OfUE2k1QmSU/WYM72UGRytI/AAAAAAAAGUc/C6g4y_w0IOIFI8HhFb5uxkpx7qQhZU_OQCE0YBhgL/s1024/iron_nugget.png,minecraft:iron_nugget,x,1,0,1
ビーコン,https://n5v.net/img/64w/e001.png,minecraft:beacon,x,1,0,1
木のシャベル,https://lh3.googleusercontent.com/-PJN_JNUpDm0/WWS7gnWmaiI/AAAAAAAAGFw/OodfR3R7-RMPOeYNL-TeyDXuacCnZVKcwCE0YBhgL/s1024/wooden_shovel.png,minecraft:wooden_shovel,x,1,0,1
木の斧,https://lh3.googleusercontent.com/-6Vwk1MxdJ6w/WWS7gvYV0wI/AAAAAAAAGFw/01y1c91NDwYTCwhycMWsvFML4eWYN9NVgCE0YBhgL/s1024/wooden_axe.png,minecraft:wooden_axe,x,1,0,1
石の剣,https://lh3.googleusercontent.com/-yTKxcb6KpBg/WWS7gnPpZwI/AAAAAAAAGF4/wdxlKX1QZn8KuDOmA53OAMzFH9D0wKO-gCE0YBhgL/s1024/stone_sword.png,minecraft:stone_sword,x,1,0,1
石のシャベル,https://lh3.googleusercontent.com/-yRNq9-ErEeA/WWS7ghRJSOI/AAAAAAAAGF4/1z7nzQVogC8mVRJVWfsPdkMdeEH3EPmtQCE0YBhgL/s1024/stone_shovel.png,minecraft:stone_shovel,x,1,0,1
石の斧,https://lh3.googleusercontent.com/-Xf33bb_gkCg/WWS7glFbKiI/AAAAAAAAGF4/KEHm--kZgW440AZaM9TIQEkm-sphclcRwCE0YBhgL/s1024/stone_axe.png,minecraft:stone_axe,x,1,0,1
金のシャベル,https://lh3.googleusercontent.com/-DiyPG8g0Ab4/WWS7goiYXKI/AAAAAAAAGF4/Myd8dKkZL1YGmVXkN1cmfKcRLFVlrHq4ACE0YBhgL/s1024/golden_shovel.png,minecraft:golden_shovel,x,1,0,1
金の斧,https://lh3.googleusercontent.com/-INFQivgePYo/WWS7gomDieI/AAAAAAAAGF4/TFSCvCdj-K0bLD5M7jVQlS5OmdX6TsvIwCE0YBhgL/s1024/golden_axe.png,minecraft:golden_axe,x,1,0,1
木のクワ,https://lh3.googleusercontent.com/-8pQko9nCSVw/WWS7gjHLVWI/AAAAAAAAGFw/ffXqAtjMvKsBtOkwwtGGrr3BOouYdVS4ACE0YBhgL/s1024/wooden_hoe.png,minecraft:wooden_hoe,x,1,0,1
石のクワ,https://lh3.googleusercontent.com/-vFAsut6PZgU/WWS7gq9yXJI/AAAAAAAAGF4/SiMK7fTRf6sckySVIEyFaS4u3yJ9IduFwCE0YBhgL/s1024/stone_hoe.png,minecraft:stone_hoe,x,1,0,1
鉄のクワ,https://lh3.googleusercontent.com/-bt36KxuYzpg/WWS7goFhseI/AAAAAAAAGF4/Upym9Q3viXore8G2UcAVpxNBITeYGewNgCE0YBhgL/s1024/iron_hoe.png,minecraft:iron_hoe,x,1,0,1
ダイヤのクワ,https://lh3.googleusercontent.com/-uwGJmIwVNnM/WWS7gtt6D_I/AAAAAAAAGF4/7sLcpiXnbAcwmzPUQ7rjDgYk89Qzqtu6QCE0YBhgL/s1024/diamond_hoe.png,minecraft:diamond_hoe,x,1,0,1
金のクワ,https://lh3.googleusercontent.com/-4upiv0kweg4/WWS7goNH3JI/AAAAAAAAGF4/MChbM7RMO2oqM3RAXEx1xCPVXI5ZSrEOgCE0YBhgL/s1024/golden_hoe.png,minecraft:golden_hoe,x,1,0,1
サドル,https://lh3.googleusercontent.com/-IEQy6IgQl_g/WcDJRoDzuYI/AAAAAAAAGxM/CeuNG_hZuVAh8djinq0Nis7c7jJvBSI3ACE0YBhgL/s1024/saddle.png,minecraft:saddle,x,1,0,1
ブレイズパウダー,https://lh3.googleusercontent.com/-pceXywKSU6E/WcDI2PgSC7I/AAAAAAAAGxM/Ebo4kkW5EQIaPYQu-vqafV7X7Mv3z27AACE0YBhgL/s1024/blaze_powder.png,minecraft:blaze_powder,x,1,0,1
コーラスフルーツ,https://lh3.googleusercontent.com/-ftTP2O8F67c/WcDIvskhOoI/AAAAAAAAGxU/dneLqKYH-2kf-jFfDRZCqg0--bOx5yv_wCE0YBhgL/s1024/chorus_fruit.png,minecraft:chorus_fruit,x,1,0,1
焼いたコーラスフルーツ,https://lh3.googleusercontent.com/-EwIN9zwhhb4/WcDIvpUFwmI/AAAAAAAAGxM/xq7PfVUKqEIsJR1yINKTlDaKypChAuM6wCE0YBhgL/s1024/chorus_fruit_popped.png,minecraft:chorus_fruit_popped,x,1,0,1
レバー,https://lh3.googleusercontent.com/-mWsSy2J-YLY/WYmcjdokKBI/AAAAAAAAGZA/vKMjEg80Wh0UEBZ7rNajAoqQI9Ajm3QVgCE0YBhgL/s1024/lever.png,minecraft:lever,x,0,0,0
感圧板,https://lh3.googleusercontent.com/-8LLibyqDkEA/WYmcjW3ZlqI/AAAAAAAAGZM/O5uzFBGwrfotBD-bxCJayoiYZLg2CYTQgCE0YBhgL/s1024/stone_pressure_plate.png,minecraft:stone_pressure_plate,各種感圧板含む,0,0,0
植木鉢,https://lh3.googleusercontent.com/-2R92ukk0G_s/WbZLTHkJwAI/AAAAAAAAGtM/NNR5Qhaj-2gJL46f7_yo_agcZlgYmufOACE0YBhgL/s1024/flower_pot.png,minecraft:flower_pot,x,0,0,0
チェスト付きトロッコ,https://lh3.googleusercontent.com/-0S6mJoHcDDU/WakLV65P-wI/AAAAAAAAGlk/jMhJCDqEsUMRARTL9y3ty4IcUTWqHL8uACE0YBhgL/s1024/chest_minecart.png,minecraft:chest_minecart,x,0,0,0
ガラス,https://lh3.googleusercontent.com/-Zu9YrErRvOw/WbZLrWEAPoI/AAAAAAAAGtE/kMHuzPbpgfM85SXeHGkYaNcBmx4-0k6NQCE0YBhgL/s1024/glass.png,minecraft:glass,x,0,0,0
音符ブロック,https://lh3.googleusercontent.com/-DXVMemCh1Vo/WYmcjSlPcEI/AAAAAAAAGZA/aOufmI8ge-gGeXKvoI9B8SbFxwybSPYHQCE0YBhgL/s1024/noteblock.png,minecraft:note_block,x,0,0,0
パワードレール,https://lh3.googleusercontent.com/--T6VwCkhI4U/WakLV0BI9TI/AAAAAAAAGmM/ufhLNJ7FiMMa2AClszmW6FLO8wcjiKgKgCE0YBhgL/s1024/golden_rail.png,minecraft:golden_rail,x,0,0,0
ディテクターレール,https://lh3.googleusercontent.com/-oiLPeMz4keM/WakLV03Y7iI/AAAAAAAAGmM/EvEFbvxiQeEa8dEkDhTMpk7hkOvtWoL5wCE0YBhgL/s1024/detector_rail.png,minecraft:detector_rail,x,0,0,0
粘着ピストン,https://lh3.googleusercontent.com/-qoG5zfVrO5w/WYmcjQoGtLI/AAAAAAAAGZA/3aee4Pj0JOMfmiftnMRIVy_PGjJfau2iwCE0YBhgL/s1024/sticky_piston.png,minecraft:sticky_piston,x,0,0,0
ピストン,https://lh3.googleusercontent.com/-ZM-2XP25Plw/WYmcjcRPL5I/AAAAAAAAGZA/wCt-3x0jSVQyy95uNNkF5aZ15w1A9tc5QCE0YBhgL/s1024/piston.png,minecraft:piston,x,0,0,0
レンガブロック,https://lh3.googleusercontent.com/-xWwx7UwLA7M/WbZLTGFuyaI/AAAAAAAAGtM/pKojULh5nxouC9dha0hdLJ9QAsJD7VjxACE0YBhgL/s1024/double_stone_slab-4.png,minecraft:brick_block,x,0,0,0
レコード,https://lh3.googleusercontent.com/-euTWittJeCs/WbZLTNOmmuI/AAAAAAAAGtE/uC0f1nsDuigUjrSz2b313CxvgYkVeWQhwCE0YBhgL/s1024/record_13.png,minecraft:record_13,各種レコードを含む,0,0,0
看板,https://lh3.googleusercontent.com/-zZJxRA4ce8A/WbZZJdRMXqI/AAAAAAAAGt4/vXJZdQmUdC4tJs9aZGjkSyDZzjqaAzWDACE0YBhgL/s1024/standing_sign.png,minecraft:standing_sign,x,0,0,0
レッドストーントーチ,https://lh3.googleusercontent.com/-1rQDJuEGmxc/WYmcjcJ_01I/AAAAAAAAGZM/02qgTqYyBL8nXmJLgSqACYijPtQVqEyaACE0YBhgL/s1024/unlit_redstone_torch.png,minecraft:unlit_redstone_torch,x,0,0,0
ボタン,https://lh3.googleusercontent.com/-xODvt5WHJ6Y/WYmcjTVO_qI/AAAAAAAAGZM/ufwcmkXAsJsiojt60OwOpdDdcdlXWnWUgCE0YBhgL/s1024/stone_button.png,minecraft:stone_button,木のボタン/石のボタンを含む,0,0,0
雪,https://lh3.googleusercontent.com/-dc_mNZtXfQk/WZW1bkr06pI/AAAAAAAAGb0/dgMxlwEpZP0zaS8GnOjQMtfHeWdFZy3LgCE0YBhgL/s1024/snow_layer.png,minecraft:snow_layer,層状,0,0,0
雪ブロック,https://lh3.googleusercontent.com/-wrKcbBPBIg0/WZW1bpmW73I/AAAAAAAAGb0/4GgM3yz7trIQkc93w1SQsTyyYKYV6OC0wCE0YBhgL/s1024/snow.png,minecraft:snow,x,0,0,0
粘土ブロック,https://lh3.googleusercontent.com/-YzBgV_e-tkQ/WTjh6xN46GI/AAAAAAAAFoc/R1OrDaoPe3gFc1KUYvy-kDtgHCbnwviwwCE0YBhgL/s1024/clay.png,minecraft:clay,x,0,0,0
ジュークボックス,https://lh3.googleusercontent.com/-dOJOawotlNc/WbZLTH0BlCI/AAAAAAAAGtM/nf2PLxAIQOU-sK6ozBfpfwxuk8eBkr8egCE0YBhgL/s1024/jukebox.png,minecraft:jukebox,x,0,0,0
残留ポーション,https://lh3.googleusercontent.com/-2HFNczyah8E/WcDI2JdUFgI/AAAAAAAAGxM/-hg79NHb3foqn4SBxwM-wrcatcH_7ZCaQCE0YBhgL/s1024/lingering_potion.png,minecraft:lingering_potion,各種残留ポーションを含む,0,0,0
レッドストーンリピーター,https://lh3.googleusercontent.com/-ZWXnou_byMI/WYna5FBqjQI/AAAAAAAAGZ0/ZPCnKltEL649dZRaE8f0v723iSSaZ1TLgCE0YBhgL/s1024/unpowered_repeater.png,minecraft:unpowered_repeater,x,0,0,0
色付きガラス,https://lh3.googleusercontent.com/-DmDcMgE8AU8/WbZLrQ5ME-I/AAAAAAAAGtE/lcWXyoXoM-EMgacjqQMFs4TmKh78yX1iwCE0YBhgL/s1024/stained_glass.png,minecraft:stained_glass,各色を含む,0,0,0
ドラゴンの卵,https://lh3.googleusercontent.com/-AAojSMgRt3c/WcDIvutiLgI/AAAAAAAAGxM/_mOsjvYFVrwdbDkiQFAbmPij5mYiRhlwwCE0YBhgL/s1024/dragon_egg.png,minecraft:dragon_egg,x,0,0,0
トリップワイヤーフック,https://lh3.googleusercontent.com/-g-9SeR3f2kI/WYmcjW-Q98I/AAAAAAAAGZM/KH-qq1WbExcCd91CWjUs0FG836o-5WnegCE0YBhgL/s1024/tripwire_hook.png,minecraft:tripwire_hook,x,0,0,0
レッドストーンコンパレーター,https://lh3.googleusercontent.com/-dpu6T9rndRo/WYna5Ju7WMI/AAAAAAAAGZ0/LJvUKZkT3LoXWKHV3nOo4hoLG31PLdT4QCE0YBhgL/s1024/unpowered_comparator.png,minecraft:unpowered_comparator,x,0,0,0
日照センサー,https://lh3.googleusercontent.com/-Lh_I55Q3eUQ/WYmcjey8l9I/AAAAAAAAGZM/29qKH-ESthsvUmEgfDefmeMazuTAxaTdQCE0YBhgL/s1024/daylight_detector.png,minecraft:daylight_detector,x,0,0,0
アクティベーターレール,https://lh3.googleusercontent.com/-tj8xJzdXIMM/WakLV9HbpCI/AAAAAAAAGmM/-k5EkYObzc42LziDrDYX3hLsLp1YcnebgCE0YBhgL/s1024/activator_rail.png,minecraft:activator_rail,x,0,0,0
ドロッパー,https://lh3.googleusercontent.com/-by66Iw9Cx0k/WYmcjTz_RwI/AAAAAAAAGZA/asIfFMAuet4682l7rgS9Z1DUr7smKDfHACE0YBhgL/s1024/dropper.png,minecraft:dropper,x,0,0,0
色付きガラス板,https://lh3.googleusercontent.com/-NVoxeLqBUJs/WbZL75o1z-I/AAAAAAAAGtE/bpDnShYC6fQ61ouFEl9MjAsP-1sOemRMgCE0YBhgL/s1024/stained_glass_pane.png,minecraft:stained_glass_pane,各色を含む,0,0,0
カーペット,https://lh3.googleusercontent.com/-bEkq2hb9GYo/WbZLlCylLuI/AAAAAAAAGtE/aD7F-GWiStUO6dJffzhbwH0a5XGKdpDQgCE0YBhgL/s1024/carpet.png,minecraft:carpet,各色カーペットを含む,0,0,0
旗,https://lh3.googleusercontent.com/-bvAk51kxPkU/WbZL0qFmImI/AAAAAAAAGtE/HbK7BDt_eDoRDd4or1ctlsTCOyJhjTBCwCE0YBhgL/s1024/banner.png,minecraft:standing_banner,x,0,0,0
エンドロッド,https://lh3.googleusercontent.com/-1RHsV-he07g/WcDIvlaxcVI/AAAAAAAAGxM/IRBGSJMJSl4OSTgmawC1Cx4BsC0LQMjQgCE0YBhgL/s1024/end_rod.png,minecraft:end_rod,x,0,0,0
コーラスフラワー,https://lh3.googleusercontent.com/-8cmJqhZhex8/WcDIvoSwi-I/AAAAAAAAGxM/1bnCHA6sU_0C1HcEAXI4CUOXnjTcngirwCE0YBhgL/s1024/chorus_flower.png,minecraft:chorus_flower,x,0,0,0
プルプァブロック,https://lh3.googleusercontent.com/-d9iugeUJwEo/WcDIvo8gwLI/AAAAAAAAGxM/nXTHd7mTVGc4HetjG9F-M_hYjH1GpgLCQCE0YBhgL/s1024/purpur_block.png,minecraft:purpur_block,x,0,0,0
柱状プルプァブロック,https://lh3.googleusercontent.com/-BKLjXXHh4mg/WcDIvu1ETAI/AAAAAAAAGxM/o4lBIcNREXI_fYHQGTNwKePoh4bskhkTACE0YBhgL/s1024/purpur_pillar.png,minecraft:purpur_pillar,x,0,0,0
エンドストーンレンガ,https://lh3.googleusercontent.com/-wbmSzsPtulo/WcDIvjG3a4I/AAAAAAAAGxM/J_RDUOukipM5w1rrDmMpVH8WtnSL4P3YgCE0YBhgL/s1024/end_bricks.png,minecraft:end_stone_bricks,x,0,0,0
ネザーウォートブロック,https://lh3.googleusercontent.com/-QmAM2muGtmw/WakLdfDp2lI/AAAAAAAAGmM/zGWXyjlY1zYACssz-k2CAQyh1-WAVN-AwCE0YBhgL/s1024/nether_wart_block.png,minecraft:nether_wart_block,x,0,0,0
骨ブロック,https://lh3.googleusercontent.com/-LZh-zD4JE44/WbZLTAw-uWI/AAAAAAAAGtE/N5Yp1LJLHzkhyBsDun9IHJupn-_xukidQCE0YBhgL/s1024/bone_block.png,minecraft:bone_block,x,0,0,0
オブザーバー,https://lh3.googleusercontent.com/-XwSSYFNJYVg/WYmcjZ9oksI/AAAAAAAAGZM/1VBVyBVWDK4GJfj9YF1EO_H8tG-2cVmPwCE0YBhgL/s1024/observer.png,minecraft:observer,x,0,0,0
彩釉テラコッタ,https://lh3.googleusercontent.com/-A_yWn4gQzNw/WTndHoAfb5I/AAAAAAAAFrw/frT92Xak-hcvgUWGRsgBhhkt_g63lJC8gCE0/s1024/white_glazed_terracotta-0.png,minecraft:white_glazed_terracotta,各色を含む,0,0,0
コンクリート,https://lh3.googleusercontent.com/-teGHA7u_qiM/WTjka0UBzrI/AAAAAAAAFpw/e6_nIhKtXGUQt50m5AYTISruCzEdAua0gCE0YBhgL/s1024/concrete-0.png,minecraft:concrete,各色を含む,0,0,0
コンクリートパウダー,https://lh3.googleusercontent.com/-OTLfIRpZvCY/WTjjrUvzm8I/AAAAAAAAFpI/H_QZdnzBNFUgi1PlboFo2wCK79chgaCwgCE0YBhgL/s1024/concretepowder-0.png,minecraft:concrete_powder,各色を含む,0,0,0
ボウル,https://lh3.googleusercontent.com/-1pf9QBOOAEo/Wd7OmDiwEoI/AAAAAAAAG9M/-WGOSLtB-fIEU7uz0d23CwSlbmA52torACE0YBhgL/s1024/bowl.png,minecraft:bowl,x,0,0,0
絵画,https://lh3.googleusercontent.com/-XXyKo9QrDqc/WbZLTEPvdPI/AAAAAAAAGtM/DF1klo_-5toAVTp14IbWuQ8xj_Q-p38cACE0YBhgL/s1024/painting.png,minecraft:painting,x,0,0,0
トロッコ,https://lh3.googleusercontent.com/-Q-4yMa4gnsI/WakLV9vu7uI/AAAAAAAAGlk/jrstb2CFsL8qWlOOjm9N8DjtgjLf_HLYACE0YBhgL/s1024/minecart.png,minecraft:minecart,x,0,0,0
レンガ,https://lh3.googleusercontent.com/-hH5iv4Gt2rg/WbZLTBw95pI/AAAAAAAAGtE/9FEW3ZJy4HQT8_YAQMSU73-85nCjE4YFgCE0YBhgL/s1024/brick.png,minecraft:brick,x,0,0,0
紙,https://lh3.googleusercontent.com/-eWVU_Jc1npA/Wd7OmF60j0I/AAAAAAAAG9M/ZWFpcRxctDIaicZ1hAHmlaB9kOpLB4MAQCE0YBhgL/s1024/paper.png,minecraft:paper,x,0,0,0
かまど付きトロッコ,https://lh3.googleusercontent.com/-sKYyoMPU_9s/WakLVySYP_I/AAAAAAAAGlk/1Jfq3qi9mm01NIqgwK6HE3yqbSQ1RZCegCE0YBhgL/s1024/furnace_minecart.png,minecraft:furnace_minecart,x,0,0,0
コンパス,https://lh3.googleusercontent.com/-OUuTgm8GDco/WWNxgio9gQI/AAAAAAAAGCA/fkM5H2EKK1sWrQ-f0c5L0BmmMFp_hrDcwCE0YBhgL/s1024/compass.png,minecraft:compass,x,0,0,0
時計,https://lh3.googleusercontent.com/-jE6CV2vmbg4/WWNxgtOg4YI/AAAAAAAAGCA/JaMjtzdpKCo9zy9w0Qsysc5bud4Hdgd3QCE0YBhgL/s1024/clock.png,minecraft:clock,x,0,0,0
地図,https://lh3.googleusercontent.com/-Aa_M4xqX0Ug/WWNxgtUBV5I/AAAAAAAAGCA/w2oJoqLsJXUrkZv_D0arkgN8c-jICXHjACE0YBhgL/s1024/filled_map.png,minecraft:filled_map,x,0,0,0
エンチャントの瓶,https://lh3.googleusercontent.com/-y-S7Z2-IuJg/WcDI2B7kimI/AAAAAAAAGxM/VOcF-p4s6XoKOZUtH6Hsub9YbbhUa2bXQCE0YBhgL/s1024/experience_bottle.png,minecraft:experience_bottle,x,0,0,0
ファイヤーチャージ,https://lh3.googleusercontent.com/-UE2aAsG6i-U/Wd7OmCRUvfI/AAAAAAAAG9M/Wh14Kbrwes8exiKRLzp90W4G_nxzXLsqQCE0YBhgL/s1024/fire_charge.png,minecraft:fire_charge,x,0,0,0
本と羽根ペン,https://lh3.googleusercontent.com/-NfTBSo4SNdY/Wd7OmIYX_JI/AAAAAAAAG9M/EhmmNY1NzaM8oxmNxhCGYrrJX3qIVy29QCE0YBhgL/s1024/writable_book.png,minecraft:writable_book,x,0,0,0
記入済みの本,https://lh3.googleusercontent.com/-fpkd3YOtq2U/Wd7OmP_5RxI/AAAAAAAAG9M/Zv-Wxqv3Ags0j4J177l1cRm-a7EAqo36ACE0YBhgL/s1024/written_book.png,minecraft:written_book,x,0,0,0
額縁,https://lh3.googleusercontent.com/-e8YsVrqwde0/WbZLTKanSyI/AAAAAAAAGtE/_i8F9wJ9qRo20BYnh1LvlS-AqR2Hw8u9QCE0YBhgL/s1024/item_frame.png,minecraft:item_frame,x,0,0,0
白紙の地図,https://lh3.googleusercontent.com/-TXTapI4OwYQ/WWNxgiDzTvI/AAAAAAAAGCA/NxupYCbi8hs6VcuBekH30rPXFaceu0UGwCE0YBhgL/s1024/map.png,minecraft:map,x,0,0,0
ニンジン付きの棒,https://lh3.googleusercontent.com/-F-C-Oumj6Dk/WZ0cE6Oc65I/AAAAAAAAGeg/V2IF776SUu8QlxaM4rkV_06ce5Er0z9EACE0YBhgL/s1024/carrot_on_a_stick.png,minecraft:carrot_on_a_stick,x,0,0,0
ロケット花火,https://lh3.googleusercontent.com/-p547R_m2vHw/Wd7OmDfIrMI/AAAAAAAAG9M/xVD33XFO_b458lUcjObivTMQwIS5m2mNwCE0YBhgL/s1024/fireworks.png,minecraft:fireworks,x,0,0,0
花火の星,https://lh3.googleusercontent.com/-eLCdYERyDUM/Wd7OmOfdFMI/AAAAAAAAG9M/YGxoxQ0q0uAVdXvNVdl8dY4xmuMWEskUACE0YBhgL/s1024/firework_charge.png,minecraft:firework_charge,x,0,0,0
ネザーレンガ(アイテム),https://lh3.googleusercontent.com/-ejKsCynHPl0/WakLdWDti8I/AAAAAAAAGmM/AfW5YdDuHU4EWRF0JXPw9yi0oT8o0hc7QCE0YBhgL/s1024/netherbrick.png,minecraft:netherbrick,x,0,0,0
TNT付きトロッコ,https://lh3.googleusercontent.com/--I4IJbiZG5U/WakLV4HWSrI/AAAAAAAAGlk/UUEx7MoGNeMJVeIzgT5TuVoAezj6qGr8wCE0YBhgL/s1024/tnt_minecart.png,minecraft:tnt_minecart,x,0,0,0
ホッパー付きトロッコ,https://lh3.googleusercontent.com/-FAcbaLQ992U/WakLVxtxb4I/AAAAAAAAGlk/D4QT_teIKhcziWTLUt5dFDbORgcPLiyHgCE0YBhgL/s1024/hopper_minecart.png,minecraft:hopper_minecart,x,0,0,0
防具立て,https://d1u5p3l4wpay3k.cloudfront.net/minecraft_ja_gamepedia/2/2f/Armor_Stand.png?version=a4c2626fb403c9d05eeaaa6233a5476a,minecraft:armor_stand,x,0,0,0
鉄の馬鎧,https://lh3.googleusercontent.com/--2gKHepL6ak/WcDJRnSwkFI/AAAAAAAAGxM/4IQ-ygiylmk5LxSRUA_vO-wU9Wzg6MA1gCE0YBhgL/s1024/iron_horse_armor.png,minecraft:iron_horse_armor,x,0,0,0
金の馬鎧,https://lh3.googleusercontent.com/-1BmF1b6zMQw/WcDJRm50zJI/AAAAAAAAGxM/2B3Q8CteTXkCbM-MQMrNshj8wU3uvGFPwCE0YBhgL/s1024/golden_horse_armor.png,minecraft:golden_horse_armor,x,0,0,0
ダイヤの馬鎧,https://lh3.googleusercontent.com/-6O45j8Mh7c4/WcDJRp-YICI/AAAAAAAAGxM/7EeQa1JaMBQiIppAyPVdsZBmhQPvd1zPgCE0YBhgL/s1024/diamond_horse_armor.png,minecraft:diamond_horse_armor,x,0,0,0
リード,https://lh3.googleusercontent.com/-2i0xpdhlxh4/WcDJRmglRVI/AAAAAAAAGxM/vfE2TaF5BOk8dWatCk_dfq_dCsccGwcCgCE0YBhgL/s1024/lead.png,minecraft:lead,x,0,0,0
名札,https://lh3.googleusercontent.com/-YeSUWpGsVAI/Wd7OmA2cq0I/AAAAAAAAG9M/7k8f2_bj8LM7dm1WtXQwOp_kW-mDRPbSgCE0YBhgL/s1024/name_tag.png,minecraft:name_tag,x,0,0,0
ドラゴンブレス,https://lh3.googleusercontent.com/-ZhzbfMo9yNA/WcDI2KIvXnI/AAAAAAAAGxM/XmoV7w11288jbXLWdGiyjsjUx4MhJ5z0gCE0YBhgL/s1024/dragon_breath.png,minecraft:dragon_breath,x,0,0,0
スプラッシュポーション,https://lh3.googleusercontent.com/-IR2n2HjJZQ4/WcDI2JPERNI/AAAAAAAAGxM/C0sGt8uU-iIuC2B1PJKLfTm5CjPJHq39ACE0YBhgL/s1024/splash_potion.png,minecraft:splash_potion,各種スプラッシュポーションを含む,0,0,0
効能付きの矢,https://lh3.googleusercontent.com/-7qcR-Rw1yho/WZ0eSl6pOUI/AAAAAAAAGfE/9SVaeAPO_jEfh3LMOHXPpHCEh8SaQHsZgCE0YBhgL/s1024/tipped_arrow.png,minecraft:tipped_arrow,各種効能付きの矢/光の矢を含む,0,0,0